#
# More information at
#  https://wiki.ceph.com/Community/Ceph_contributors_list_maintenance_guide
#
# See .organizationmap for organization affiliation
# See .peoplemap for unique list of people
#
#
Aaron Bassett <abassett@gmail.com>
Abhishek Lekshmanan <abhishek@suse.com> <alekshmanan@suse.com>
Abhishek Lekshmanan <abhishek@suse.com> <abhishek.lekshmanan@gmail.com>
Adam C. Emerson <aemerson@redhat.com>
Adam Twardowski <adam.twardowski@gmail.com>
Adir Lev <adirl@mellanox.com>
Ahoussi Armand <ahoussi.say@telecom-bretagne.eu> <delco225>
Ailing Zhang <zhangal1992@gmail.com> <ailzhang@users.noreply.github.com>
Alexander Chuzhoy <achuzhoy@redhat.com> <schuzhoy@users.noreply.github.com>
Alexandre Marangone <alexandre.marangone@inktank.com>
Alexandre Marangone <alexandre.marangone@inktank.com> <a.marangone@gmail.com>
Alexandre Oliva <oliva@gnu.org> <lxoliva@fsfla.org>
Alexandre Oliva <oliva@gnu.org> <oliva@lsd.ic.unicamp.br>
Alex Elder <elder@inktank.com> <elder@doink.(none)>
Alex Elder <elder@inktank.com> <elder@dreamhost.com>
Alex Elder <elder@inktank.com> <elder@speedy.(none)>
Alexis Normand <n.al3xis@gmail.com> <smagtony>
Alfredo Deza <adeza@redhat.com> <alfredo@deza.pe>
Andreas Gerstmayr <andreas.gerstmayr@catalysts.cc> <andreas.gerstmayr@gmail.com>
Andreas Peters <andreas.joachim.peters@cern.ch> <Andreas.Joachim.Peters@cern.ch>
Andrew Bartlett <abartlet@catalyst.net.nz> <abartlet@samba.org>
Andrew Leung <aleung@cs.ucsc.edu> <anwleung@29311d96-e01e-0410-9327-a35deaab8ce9>
Andrew Schoen <aschoen@redhat.com> <andrew.schoen@gmail.com>
Andy Allan <andy@gravitystorm.co.uk> <github@gravitystorm.co.uk>
Anis Ayari <ayari_anis@live.fr>
Aristoteles Neto <aristoteles.neto@webdrive.co.nz> <wdneto@users.noreply.github.com>
Aron Gunn <ritz_303@yahoo.com>
Ashish Chandra <ashish.a.chandra@ril.com> <mail.ashishchandra@gmail.com>
Baptiste Veuillez <baptiste.veuillez--mainard@telecom-bretagne.eu> <baptiste@UbuntuBVM.lan>
Barbora Ančincová <bara@redhat.com>
Barbora Ančincová <bara@redhat.com> <bancinco@redhat.com>
Billy Olsen <billy.olsen@canonical.com> <billy.olsen@gmail.com>
Bo Cai <cai.bo@h3c.com>
Boris Ranto <branto@redhat.com>
Brian Andrus <bandrus@redhat.com> <bandrus+github@gmail.com>
Brian Felton <bjfelton@gmail.com>
Brian Rak <dn@devicenull.org>
Burkhard Linke <Burkhard.Linke@computational.bio.uni-giessen.de>
Caleb Miles <caleb.miles@inktank.com>
Caleb Miles <caleb.miles@inktank.com> <caselim@gmail.com>
Carlos Maltzahn <carlosm@cs.ucsc.edu> <carlosm@29311d96-e01e-0410-9327-a35deaab8ce9>
Casey Bodley <cbodley@redhat.com>
Casey Marshall <csm@soe.ucsc.edu> <rsdio@29311d96-e01e-0410-9327-a35deaab8ce9>
Ce Gu <guce@h3c.com>
Chang Liu <liuchang0812@gmail.com> <nfcj000@qq.com>
Chang Liu <liuchang0812@gmail.com>
Chang-Yi Lee <cy.l@inwinstack.com>
Chanyoung Park <park910113@gmail.com>
Charles Alva <charlesalva@gmail.com>
Chen Dihao <tobeg3oogle@gmail.com>
Chendi Xue <chendi.xue@intel.com>
Chendi Xue <chendi.xue@intel.com> <xuechendi@gmail.com>
Cheng Cheng <ccheng.leo@gmail.com>
Chu Hua-Rong <hrchu@cht.com.tw>
Chu Hua-Rong <hrchu@cht.com.tw> <petertc@gmail.com>
Chris Holcombe <chris.holcombe@nebula.com> <xfactor973@gmail.com>
Christian Brunner <christian@brunner-muc.de> <chb@muc.de>
Christian Marie <pingu@anchor.net.au> <christian@ponies.io>
Christophe Courtaut <christophe.courtaut@gmail.com>
Chuanhong Wang <wang.chuanhong@zte.com.cn>
Chuanhong Wang <wang.chuanhong@zte.com.cn> <chuanhong.wang@163.com>
Chuanhong Wang <wang.chuanhong@zte.com.cn> <root@A22832429.(none)>
Claire Massot <claire.massot93@gmail.com> <claire12.93@hotmail.fr>
Clement Lebrun <clement.lebrun.31@gmail.com> <clem_noob@hotmail.fr>
Colin P. McCabe <colinm@hq.newdream.net> <cmccabe@alumni.cmu.edu>
Colin P. McCabe <colinm@hq.newdream.net> <cmccabe@fatty.ops.newdream.net>
Colin Walters <walters@redhat.com> <walters@verbum.org>
Dan Chai <tengweicai@gmail.com> <tengweicai@gmail.com>
Daniel Gollub <d.gollub@telekom.de> <daniel.gollub@gmail.com>
Daniel Oliveira <doliveira@suse.com> <doliveirabrz@gmail.com>
Daniel Gryniewicz <dang@redhat.com> <dang@fprintf.net>
Dan Mick <dan.mick@inktank.com> <dan.mick@dreamhost.com>
Dan Mick <dmick@redhat.com> <dan.mick@redhat.com>
Dan Mick <dmick@redhat.com> <dmick@danceorelse.org>
Danny Al-Gaaf <danny.al-gaaf@bisect.de> <danny.kukawka@bisect.de>
David Moreau Simard <dmsimard@iweb.com> <moi@dmsimard.com>
Dennis Schafroth <dennis@schafroth.com> <dennis@schafroth.dk>
Desmond Shih <desmond.s@inwinstack.com>
Desmond Shih <desmond.s@inwinstack.com> <jordanjimmy41177@gmail.com>
Dmitry Smirnov <onlyjob@member.fsf.org> <onlyjob@debian.org>
Dmitry Yatsushkevich <dyatsushkevich@mirantis.com> <dmitry.yatsushkevich@gmail.com>
Dominik Hannen <cantares1+github@gmail.com> <dhxgit@users.noreply.github.com>
Donghai Xu <xu.donghai@h3c.com>
Dongmao Zhang <deanraccoon@gmail.com>
Edward Yang <eyang@us.fujitsu.com> <root@gluster5.gfs.fsw.fujitsu.com>
Enming Zhang <enming.zhang@umcloud.com>
Eric Lee <eric.lee@hgst.com>
Eric Mourgaya <eric.mourgaya@arkea.com> <eric.mourgaya@gmail.com>
Erwin, Brock A <Brock.Erwin@pnl.gov> <Brock.Erwin@pnl.govgit>
Esteban Molina-Estolano <eestolan@lanl.gov> <eestolan@29311d96-e01e-0410-9327-a35deaab8ce9>
Fan Yang <yangf@neunn.com> <yfceph@gmail.com>
Fangchen Sun <sunspot0105@gmail.com>
Fang Yuxiang <fang.yuxiang@eisoo.com>
Fang Yuxiang <fang.yuxiang@eisoo.com> <hrchu@users.noreply.github.com>
Federico Gimenez <fgimenez@coit.es> <federico.gimenez@hola-internet.com>
Feng Wang <cyclonew@cs.ucsc.edu> <cyclonew@29311d96-e01e-0410-9327-a35deaab8ce9>
Feng Yu <amoxic@126.com>
Florent Bautista <florent@coppint.com>
Florent Flament <florent.flament@cloudwatt.com> <florent.flament-ext@cloudwatt.com>
Florent Manens <florent@beezim.fr> <florent@manens.org>
Florian Coste <fcoste21@gmail.com>
Florian Marsylle <florian.marsylle@hotmail.fr> <floleblanc@hotmail.fr>
François Lafont <flafdivers@free.fr> <francois.lafont@crdp.ac-versailles.fr>
François Lafont <flafdivers@free.fr> <francois.lafont@ac-versailles.fr>
Frank Filz <ffilz@redhat.com>
Frank Filz <ffilz@redhat.com> <ffilzlnx@mindspring.com>
Gabriel Sentucq <perso@kazhord.fr>
Gary Lowell <gary.lowell@inktank.com>
Gary Lowell <gary.lowell@inktank.com> <glowell@flab.ops.newdream.net>
Gary Lowell <gary.lowell@inktank.com> <glowell@inktank.com>
Gaurav Kumar Garg <garg.gaurav52@gmail.com> <ggarg@redhat.com>
Gerben Meijer <gerben@daybyday.nl> <infernix@gmail.com>
Germain Chipaux <germain.chipaux@gmail.com>
Gong Chuang <gong.chuang@zte.com.cn>
Greg Farnum <gfarnum@redhat.com>
Greg Farnum <gfarnum@redhat.com> <gfarnum@GF-Macbook.local>
Greg Farnum <gfarnum@redhat.com> <gfarnum@rehdat.com>
Greg Farnum <gfarnum@redhat.com> <greg@gregs42.com>
Greg Farnum <gfarnum@redhat.com> <gfarnum@gregory-farnums-mac-mini.local>
Greg Farnum <greg@inktank.com>
Greg Farnum <greg@inktank.com> <greg.farnum@dreamhost.com>
Greg Farnum <greg@inktank.com> <gregf@hq.newdream.net>
Greg Farnum <greg@inktank.com> <gregf@skinny.ops.newdream.net>
Greg Farnum <greg@inktank.com> <gregory.farnum@dreamhost.com>
Grégory Charot <gcharot@redhat.com>
Grégory Charot <gcharot@redhat.com> <buixor@gmail.com>
Guang Yang <yguang@yahoo-inc.com> <yguang@caughtrealize-dl-vm0.peking.corp.yahoo.com>
Guang Yang <yguang@yahoo-inc.com> <guangyy@gmail.com>
Guang Yang <yguang@yahoo-inc.com> <yguang@renownedground.corp.gq1.yahoo.com>
Guang Yang <yguang@yahoo-inc.com> <yguang@yahoo-inc>
Guilhem Lettron <guilhem@lettron.fr> <guilhem+github@lettron.fr>
Haodong Tang <haodong.tang@intel.com>
Haomai Wang <haomai@xsky.com> <haomaiwang@gmail.com>
Haomai Wang <haomai@xsky.com> <haomai@xsky.io>
Haomai Wang <haomai@xsky.com> <yuyuyu101@163.com>
Harry Harrington <git-harry@live.co.uk>
Hazem Amara <hazem.amara@telecom-bretagne.eu> <hazem@hazem-Inspiron-3537.(none)>
He Chuang <hechuang@xsky.com>
Henry C Chang <henry_c_chang@tcloudcomputing.com> <henry.cy.chang@gmail.com>
Hervé Rousseau <hroussea@cern.ch>
Holger Macht <hmacht@suse.de> <holger@homac.de>
Hongtong Liu <hongtong.liu@istuary.com>
Hong Zhangoole <hong.zhangoole@gmail.com>
Huamin Chen <hchen@redhat.com>
Huang Jun <hjwsm1989@gmail.com>
Ignacio Bravo <ibravo@hotmail.com>
Igor Fedotov <ifedotov@mirantis.com>
Igor Fedotov <ifedotov@mirantis.com> <root@osscr03r06s11.local.lan>
Ilja Slepnev <islepnev@gmail.com>
Ilya Shipitsin <chipitsine@gmail.com> <ilia@localhost.localdomain>
Ilya Dryomov <idryomov@redhat.com> <idryomov@gmail.com>
Ismael Serrano <ismael.serrano@gmail.com> <ismaels@qti.qualcomm.com>
Jacek J. Łakis <jacek.lakis@intel.com>
Jacek J. Łakis <jacek.lakis@intel.com> <jlakis@gklab-126-033.igk.intel.com>
Jaemyoun Lee <jaemyoun@gmail.com>
James Page <james.page@ubuntu.com> <jamespage@ubuntu.com>
Jason Dillaman <dillaman@redhat.com> <jdillaman@redhat.com>
Jason Dillaman <dillaman@redhat.com> <jdillama@redhat.com>
Jason Dillaman <dillaman@redhat.com> <dillaman@redhat.com >
Jason Dillaman <dillaman@redhat.com> <dillaman@hotmail.com>
Jason Dillaman <dillaman@redhat.com> <dillamana@redhat.com>
Jean-Charles Lopez <jelopez@redhat.com>
Jeff Epstein <jepst79@gmail.com>
Jeff Layton <jlayton@redhat.com>
Jeffrey Lu <lzhng2000@aliyun.com>
Jeffrey Lu <lzhng2000@aliyun.com> <lzhng2000@hotmail.com>
Jenkins <jenkins@ceph.com> <jenkins-build@jenkins-slave-wheezy.localdomain>
Jenkins <jenkins@ceph.com> Jenkins <jenkins@inktank.com>
Jenkins <jenkins@ceph.com> <jenkins-build@trusty-small-unique--5c6e9c4e-81af-43d3-957d-c650c692c441.localdomain>
Jenkins <jenkins@ceph.com> <jenkins-build@trusty-small-unique--68a2c286-dc75-4669-822d-28cd109dc3c5.localdomain>
Jenkins <jenkins@ceph.com> <jenkins-build@trusty-small-unique--e64d6d03-305d-46bd-9a2c-9b546e06937e.localdomain>
Jenkins <jenkins@ceph.com> Jenkins Build Slave User <jenkins-build@trusty-small-unique--a7f82f5f-8832-433e-a632-928924f47e04.localdomain>
Jenkins <jenkins@ceph.com> Jenkins Build Slave User <ceph-release-team@redhat.com>
Jesse Williamson <jesse.williamson@suse.com>
Jesse Williamson <jesse.williamson@suse.com> <jwilliamson@suse.de>
Jiang Heng <jiangheng0511@gmail.com>
Jiantao He <hejiantao5@gmail.com>
Jian Wen <wenjian@letv.com> <wenjianhn@gmail.com>
Jianjian huo <jianjian.huo@ssi.samsung.com> <samuel.huo@gmail.com>
Jingkai Yuan <jingkai.yuan@intel.com>
Ji Chen <insomnia@139.com>
Jie Li <li.jieA@h3c.com>
João Eduardo Luís <joao.luis@inktank.com>
João Eduardo Luís <joao.luis@inktank.com> <joao@inktank.com>
João Eduardo Luís <joao@redhat.com>
João Eduardo Luís <joao@redhat.com> <jecluis@gmail.com>
João Eduardo Luís <joao@redhat.com> <jluis@redhat.com>
João Eduardo Luís <joao@redhat.com> <jeclui@gmail.com>
João Eduardo Luís <joao@suse.de>
João Eduardo Luís <joao@suse.de> <jluis@suse.com>
João Eduardo Luís <joao@suse.de> <joao@suse.com>
Joe Buck <jbbuck@gmail.com> <buck@soe.ucsc.edu>
Joe Buck <jbbuck@gmail.com> <buck@vm-buck-ceph-bindings.(none)>
John Spray <jspray@redhat.com>
John Spray <jspray@redhat.com> <jcspray@gmail.com>
John Spray <jspray@redhat.com> <john.spray@redhat.com>
Johnu George <johnugeo@cisco.com> <johnugeorge109@gmail.com>
John Wilkins <john.wilkins@inktank.com> <john@admin-host.(none)>
John Wilkins <john.wilkins@inktank.com> <john.wilkins@dreamhost.com>
John Wilkins <john.wilkins@inktank.com> <johnw@johnw7664.(none)>
John Wilkins <jwilkins@redhat.com> <jowilkin@redhat.com>
John Wilkins <jwilkins@redhat.com> <jowilki@redhat.com>
John Wilkins <jwilkins@redhat.com> <jowilk@redhat.com>
Jonas Keidel <jonas@jonas-keidel.de>
Jordan Dorne <jordan.dorne@gmail.com>
Josh Durgin <jdurgin@redhat.com>
Josh Durgin <jdurgin@redhat.com> <joshd@redhat.com>
Josh Durgin <jdurgin@redhat.com> <jduring@redhat.com>
Josh Durgin <josh.durgin@inktank.com> <joshd@hq.newdream.net>
Josh Durgin <josh.durgin@inktank.com> <josh.durgin@dreamhost.com>
Kacper Kowalik <xarthisius@gentoo.org>
Kapil Sharma <ksharma@suse.com>
Kefu Chai <kchai@redhat.com> <tchaikov@gmail.com>
Kefu Chai <kchai@redhat.com> <kefu@redhat.com>
Ken Dreyer <kdreyer@redhat.com>
Kévin Caradant <kevin.caradant@gmail.com>
Kiseleva Alyona <akiselyova@mirantis.com>
Kongming Wu <wu.kongming@h3c.com>
Lan De <lan.de3@zte.com.cn>
Laszlo Boszormenyi <gcs@debian.hu>
Leo Zhang <nguzcf@gmail.com>
Luo Kexue <luo.kexue@zte.com.cn>
Luo Runbing <runsisi@hust.edu.cn>
Luo Runbing <runsisi@zte.com.cn>
Li Hongjie <lihongjie@cmss.chinamobile.com>
Li Wang <li.wang@kylin-cloud.com> <liwang@ubuntukylin.com>
Linfei Hou <hou.linfei@h3c.com>
Liu Hong <liuhong@cmss.chinamobile.com>
Liu Peiyan <liu.peiyang@h3c.com>
Li Tianqing <tianqing@unitedstack.com>
Liu Yang <yippeetry@gmail.com>
Yankun Li <liyankun@unitedstack.com>
Yankun Li <liyankun@unitedstack.com> <lioveni99@gmail.com>
Lluis Pamies-Juarez <lluis.pamies-juarez@hgst.com> <lluis@pamies.cat>
Loic Dachary <ldachary@redhat.com> <dachary@users.noreply.github.com>
Loic Dachary <ldachary@redhat.com> <ldachary@dachary.org>
Loic Dachary <loic@dachary.org>
Loic Dachary <loic@dachary.org> <loic@dachary.com>
Lucas Fantinel <lucas.fantinel@gmail.com>
Lu Shi <shi.lu@h3c.com>
Luo Kexue <luo.kexue@zte.com.cn> scienceluo <luo.kexue@zte.com.cn>
Luo Kexue <luo.kexue@zte.com.cn> <scienceluo@qq.com>
Ma Jianpeng <jianpeng.ma@intel.com>
Ma Jianpeng <jianpeng.ma@intel.com> <majianpeng@gmail.com>
Marcel Lauhoff <lauhoff@uni-mainz.de>
Marcel Lauhoff <lauhoff@uni-mainz.de> <ml@irq0.org>
Marco Garcês <marco.garces@bci.co.mz> <marco@garces.cc>
Mark Nelson <mnelson@redhat.com> <mark.a.nelson@gmail.com>
Mark Nelson <mnelson@redhat.com> <nhm@clusterfaq.org>
Matt Benjamin <matt@cohortfs.com> <matt@linuxbox.com>
Matt Benjamin <mbenjamin@redhat.com> <mbenjami@redhat.com>
Matthew Roy <matthew@royhousehold.net> <matthew@matthew-ubuntu.(none)>
Matthew Roy <matthew@royhousehold.net> <mroy@sandbox-ed.com>
Matthew Wodrich <matthew.wodrich@dreamhost.com> <mattheww@Mattsbox.(none)>
Maxime Robert <maxime.robert1992@gmail.com>
Mehdi Abaakouk <sileht@redhat.com> <sileht@sileht.net>
Michael Riederer <michael@riederer.org>
Michael Rodriguez <michael@newdream.net>
Michael Rodriguez <michael@newdream.net> <michael@squid.newdream.net>
Michal Koutný <mkoutny@suse.com>
Min Chen <minchen@ubuntukylin.com>
MingXin Liu <mingxin.liu@kylin-cloud.com> <mingxinliu@ubuntukylin.com>
Mingyue Zhao <zhao.mingyue@h3c.com>
Mykola Golub <mgolub@mirantis.com> <mgolub@zhuzha.mirantis.lviv.net>
Myoungwon Oh <omwmw@sk.com>
Nathan Cutler <ncutler@suse.com>
Nathan Cutler <ncutler@suse.com> <nculter@suse.com>
Nathan Cutler <ncutler@suse.com> <ncutler@suse.cz>
Na Xie <xie.na@h3c.com>
Neha Ummareddy <nehaummareddy@gmail.com>
Neil Levine <neil.levine@inktank.com> <levine@yoyo.org>
Nick Fisk <nick@fisk.me.uk>
Nicolas Yong <nicolas.yong93@gmail.com>
Ning Yao <yaoning@ruijie.com.cn> <zay11022@gmail.com>
Ning Yao <yaoning@unitedstack.com>
Noah Watkins <nwatkins@redhat.com> <jayhawk@cs.ucsc.edu>
Noah Watkins <nwatkins@redhat.com> <noahwatkins@gmail.com>
Orit Wasserman <owasserm@redhat.com> <owassern@redhat.com>
Orit Wasserman <owasserm@redhat.com> <owassrm@redhat.com>
Pascal de Bruijn <pascal@unilogicnetworks.net>
Patience Warnick <patience@cranium.pelton.net> <patiencew@29311d96-e01e-0410-9327-a35deaab8ce9>
Patrick McGarry <patrick@inktank.com>
Patrick McGarry <pmcgarry@redhat.com> <pmcgarry@gmail.com>
Pan Liu <pan.liu@istuary.com> <liupan1111@gmail.com>
Pavan Rallabhandi <pavan.rallabhandi@sandisk.com> <pavanrallabhandis@gmail.com>
Pavan Rallabhandi <PRallabhandi@walmartlabs.com> <root@ceph-node1.homeoffice.wal-mart.com>
Pete Zaitcev <zaitcev@redhat.com> <zaitcev@kotori.zaitcev.us>
Petertc Chu <petertc.chu@gmail.com>
Pierre Chaumont <pierre.chaumont31@gmail.com>
Piotr Dałek <git@predictor.org.pl> <ceph@predictor.org.pl>
Pritha Srivastava <prsrivas@redhat.com>
Pritha Srivastava <prsrivas@redhat.com> <pritha@dhcp35-190.lab.eng.blr.redhat.com>
Qiankun Zheng <zheng.qiankun@h3c.com>
Radoslaw Zarzynski <rzarzynski@mirantis.com> <rzarzynski@github.com>
Rahul Aggarwal <rahul.1aggarwal@gmail.com>
Ramakrishnan Periyasamy <rperiyas@redhat.com> <ramakrishnan@dhcp35-178.lab.eng.blr.redhat.com>
Rémi Buisson <remi.buisson@cdiscount.com>
Ren Huanwen <ren.huanwen@zte.com.cn>
Ren Huanwen <ren.huanwen@zte.com.cn> <rhwlyw@163.com>
Ren Huanwen <ren.huanwen@zte.com.cn> <sky@renhuanwentekiMacBook-Pro.local>
Riccardo Ferretti <rferrett@soe.ucsc.edu> <rferrett@29311d96-e01e-0410-9327-a35deaab8ce9>
Roald J. van Loon <roald@roaldvanloon.nl> <roaldvanloon@gmail.com>
Robert Jansen <r.jansen@fairbanks.nl> <r.jansen86@gmail.com>
Robert LeBlanc <robert.leblanc@endurance.com> <robert@leblancnet.us>
Robin Dehu <robindehu@gmail.com> <rdehu@prune>
Robin H. Johnson <robin.johnson@dreamhost.com>
Robin Tang <robintang974@gmail.com>
Roi Dayan <roid@mellanox.com> <roi.dayan@gmail.com>
Ron Allred <rallred@itrefined.com> <ron-github@neversleep.net>
Ross Turk <ross.turk@inktank.com> <ross@inktank.com>
Ross Turk <ross.turk@inktank.com> <ross.turk@dreamhost.com>
Ruifeng Yang <yangruifeng.09209@h3c.com>
Ruifeng Yang <yangruifeng.09209@h3c.com> <149233652@qq.com>
Rust Shen <rustinpeace@163.com>
Sage Weil <sage@inktank.com>
Sage Weil <sage@inktank.com> <sage.weil@inktank.com>
Sage Weil <sage@inktank.com> <sage@29311d96-e01e-0410-9327-a35deaab8ce9>
Sage Weil <sage@inktank.com> <sage@ceph0.dreamhost.com>
Sage Weil <sage@inktank.com> <sage@foil.westwood.newdream.net>
Sage Weil <sage@inktank.com> <sage@inkank.com>
Sage Weil <sage@inktank.com> <sage@Inktank.com>
Sage Weil <sage@inktank.com> <sage@newdream.net>
Sage Weil <sage@inktank.com> <sage@skinny.ops.newdream.net>
Sage Weil <sage@inktank.com> <sage@vapre.localdomain>
Sage Weil <sage@inktank.com> <sageweil@29311d96-e01e-0410-9327-a35deaab8ce9>
Sage Weil <sage@inktank.com> <sage.weil@dreamhost.com>
Sage Weil <sweil@redhat.com>
Sage Weil <sweil@redhat.com> <sage@redhat.com>
Sahid Orentino Ferdjaoui <sahid.ferdjaoui@cloudwatt.com> <sahid.ferdjaoui@gmail.com>
Sahithi R V <tansy.rv@gmail.com>
Sahithi R V <tansy.rv@gmail.com> <sahithi.rv1@gmail.com>
Sam Lang <sam.lang@inktank.com> <samlang@gmail.com>
Samuel Just <sam.just@inktank.com>
Samuel Just <sam.just@inktank.com> <sam.just@dreamhost.com>
Samuel Just <sam.just@inktank.com> <sam.just@inktnak.com>
Samuel Just <sam.just@inktank.com> <sam@Pondermatic.(none)>
Samuel Just <sam.just@inktank.com> <samuelj@hq.newdream.net>
Samuel Just <sam.just@inktank.com> <samuel.just@dreamhost.com>
Samuel Just <sam.just@inktank.com> <samuel.just@inktank.com>
Samuel Just <sjust@redhat.com>
Samuel Just <sjust@redhat.com> <rexludorum@gmail.com>
Sandon Van Ness <sandon@inktank.com>
Sandon Van Ness <svanness@redhat.com> <sandon@redhat.com>
Sangdi Xu <xu.sangdi@h3c.com>
Sangdi Xu <xu.sangdi@h3c.com> <xu.sangdi@h3c>
Scott A. Brandt <scott@cs.ucsc.edu> <sbrandt@29311d96-e01e-0410-9327-a35deaab8ce9>
Sébastien Han <shan@redhat.com> <sebastien.han@enovance.com>
Sébastien Han <shan@redhat.com> <han.sebastien@gmail.com>
Sébastien Han <shan@redhat.com> <seb@redhat.com>
Sebastien Ponce <sebastien.ponce@cern.ch> <Sebastien.Ponce@cern.ch>
Sebastien Ponce <sebastien.ponce@cern.ch> root <root@lxbre43a05.cern.ch>
Sergey Arkhipov <nineseconds@yandex.ru>
Shanggao Qiu <qiushanggao@qq.com>
Shotaro Kawaguchi <kawaguchi.s@jp.fujitsu.com>
Shawn Chen <cxwshawn@gmail.com>
Shehbaz Jaffer <shehbaz.jaffer@mail.utoronto.ca> <shehbazjaffer007@gmail.com>
Shinobu Kinjo <shinobu@redhat.com> <shinobu@linux.com> 
Shinobu Kinjo <shinobu@redhat.com> <ceph@ceph-stack.redhat.com>
Shishir Gowda <shishir.gowda@sandisk.com>
Shiqi <m13913886148@gmail.com>
Shiqi <m13913886148@gmail.com> <1454927420@qq.com>
Shu, Xinxin <xinxin.shu@intel.com>
Shun Song <song.shun3@zte.com.cn>
Shun Song <song.shun3@zte.com.cn> <songshun134@126.com>
Shun Song <song.shun3@zte.com.cn> <root@clove83.zte.com.cn>
Shylesh Kumar <shmohan@redhat.com> <shylesh.mohan@gmail.com>
Sirisha Guduru <SGuduru@walmartlabs.com>
Song Baisen <song.baisen@zte.com.cn>
Song Weibin <song.weibin@zte.com.cn>
Stephen F Taylor <steveftaylor@gmail.com> <steve@DES-U1404-STETAY.stc.local>
Subramanyam Varanasi <s.varanasi@ssi.samsung.com>
Sushma Gurram <sushma.gurram@sandisk.com>
Swami Reddy <swami.reddy@ril.com> <swamireddy@gmail.com>
Sylvain Munaut <s.munaut@whatever-company.com> <tnt@246tNt.com>
Takeshi Miyamae <miyamae.takeshi@jp.fujitsu.com>
Tamil Muthamizhan <tamil.muthamizhan@inktank.com>
Tamil Muthamizhan <tamil.muthamizhan@inktank.com> <tamil@tamil-VirtualBox.(none)>
Tamil Muthamizhan <tamil.muthamizhan@inktank.com> <tamil@ubuntu.(none)>
Tamil Muthamizhan <tamil.muthamizhan@inktank.com> <tamil@inktank.com>
Tamil Muthamizhan <tmuthami@redhat.com>
Tamil Muthamizhan <tmuthami@redhat.com> <tmuthamizhan@MacBook-Air.local>
Tamil Muthamizhan <tmuthami@redhat.com> <tamil@magna002.ceph.redhat.com>
Tang Jin <tang.jin@istuary.com>
Tang Wenjun <tang.wenjun3@zte.com.cn>
Tao Chang <changtao@hihuron.com>
Thomas Bechtold <t.bechtold@telekom.de> <thomasbechtold@jpberlin.de>
Thomas Cantin <thomas.cantin@telecom-bretagne.eu>
Thomas Johnson <NTmatter@gmail.com> <thomas.johnson@180amsterdam.com>
Thomas Laumondais <thomas.laumondais@gmail.com> <LSWS0275@EB-OR6251090.toulouse.francetelecom.fr>
Thomas Serlin <tserlin@redhat.com>
Tianshan Qu <tianshan@xsky.com> <qutianshan@gmail.com>
Tobias Suckow <tobias@suckow.biz>
Tommi Virtanen <tv@inktank.com> <tommi.virtanen@dreamhost.com>
Tommi Virtanen <tv@inktank.com> <tv@eagain.net>
Tommi Virtanen <tv@inktank.com> <tv@hq.newdream.net>
Tone Zhang <tone.zhang@linaro.org>
Travis Rhoden <trhoden@redhat.com> <trhoden@gmail.com>
Tushar Gohad <tushar.gohad@intel.com> <tusharsg@gmail.com>
Tyler Brekke <tyler.brekke@inktank.com>
Uday Mullangi <udaymjl@gmail.com>
Uday Mullangi <udaymjl@gmail.com> <umullan@L-IDCAA8G3QC-M.local>
Valentin Arshanes Thomas <valentin.arshanes.thomas@gmail.com>
Varada Kari <varada.kari@sandisk.com>
Varada Kari <varada.kari@sandisk.com> <kariraja@yahoo.com>
Vasu Kulkarni <vasu.kulkarni@gmail.com>
Volker Assmann <volker@twisted-nerve.de> <volker@36-135.mops.RWTH-Aachen.DE>
Volker Assmann <volker@twisted-nerve.de> <volker@stan.local>
Walter Huf <hufman@gmail.com>
Wang, Yaguang <yaguang.wang@intel.com>
Warren Usui <warren.usui@inktank.com>
Warren Usui <wusui@redhat.com> <wusui@users.noreply.github.com>
Warren Usui <wusui@redhat.com> <wusui@magna002.ceph.redhat.com>
Warren Usui <wusui@redhat.com> <wusui@ubuntu.(none)>
Weibing Zhang <atheism.zhang@gmail.com>
Weijun Duan <duanweijun@h3c.com>
Wei Jin <jinwei15@wanda.cn>
Wei Jin <jinwei15@wanda.cn> <wjin.cn@gmail.com>
Wei Luo <luowei@yahoo-inc.com>
Wei Luo <weilluo@tencent.com>
Wei Qian <weiq@dtdream.com>
Wenjun Huang <wenjunhuang@tencent.com>
Wido den Hollander <wido@42on.com> <wido@widodh.nl>
Wu Xingyi <wuxingyi@letv.com>
Wei Qiaomiao <wei.qiaomiao@zte.com.cn>
Xan Peng <xanpeng@gmail.com>
Xavier Roche <roche+git@exalead.com> <roche@httrack.com>
Xiangwei Wu <wuxiangwei@h3c.com>
Xiaowei Chen <chen.xiaowei@h3c.com>
Xiaowei Chen <chen.xiaowei@h3c.com> <cxwshawn@gmail.com>
Xie Rui <875016668@qq.com>
Xie Rui <875016668@qq.com> <jerry.xr86@gmail.com>
Xie Xingguo <xie.xingguo@zte.com.cn>
Xie Xingguo <xie.xingguo@zte.com.cn> <258156334@qq.com>
Xie Xingguo <xie.xingguo@zte.com.cn> <xie.xiexingguo@zte.com.cn>
Xingyi Wu <wuxingyi2015@outlook.com>
Xinxin Shu <shuxinxin@chinac.com>
Xinze Chi <xinze@xsky.com>
Xinze Chi <xinze@xsky.com> <xmdxcxz@gmail.com>
Xu Biao <xubiao.codeyz@gmail.com>
Xuan Liu <liu.xuan@h3c.com>
Yannick Atchy Dalama <yannick.atchy.dalama@gmail.com>
Yankun Li <liyankun@unitedstack.com> <YankunLi@users.noreply.github.com>
Yan, Zheng <zheng.z.yan@intel.com>
Yan, Zheng <zheng.z.yan@intel.com> <ukernel@gmail.com>
Yanchun Bai <yanchun.bai@istuary.com>
Yehua Chen <chen.yehua@h3c.com>
Yehua Chen <chen.yehua@h3c.com> <root@ubuntu1.com>
Yehuda Sadeh <yehuda@inktank.com> <yehdua@inktank.com>
Yehuda Sadeh <yehuda@inktank.com> <yehuda@hq.newdream.net>
Yehuda Sadeh <yehuda@inktank.com> <yehudasa@ceph0.dreamhost.com>
Yehuda Sadeh <yehuda@inktank.com> <yehuda.sadeh@dreamhost.com>
Yehuda Sadeh <yehuda@inktank.com> <yehuda.sadeh@inktank.com>
Yehuda Sadeh <yehuda@inktank.com> <yehudasa@fatty.ops.newdream.net>
Yehuda Sadeh <yehuda@inktank.com> <yehudasa@gmail.com>
Yehuda Sadeh <yehuda@inktank.com> <yehuda@yehuda>
Yehuda Sadeh <yehuda@inktank.com> <yehuda@yehuda.infit.com>
Yehuda Sadeh <ysadehwe@redhat.com> <yehuda@redhat.com>
Yehuda Sadeh <ysadehwe@redhat.com> <yehuda@rehat.com>
Yehuda Sadeh <ysadehwe@redhat.com> <ysadeh@redhat.com>
Yehuda Sadeh <ysadehwe@redhat.com> <yehuda@redhat.com.>
Yongqiang He <he.yongqiang@h3c.com>
Yongyue Sun <abioy.sun@gmail.com>
You Ji <youji@ebay.com>
Yunfei Guan <yunfei.guan@xtaotech.com>
Yuan Zhou <yuan.zhou@intel.com> <dunk007@gmail.com>
Yunchuan Wen <yunchuan.wen@kylin-cloud.com> <yunchuanwen@ubuntukylin.com>
Yuri Weinstein <yuriw@redhat.com> <yweinste@redhat.com>
Yuri Weinstein <yuriw@redhat.com> <yweinstei@redhat.com>
Yuri Weinstein <yuriw@redhat.com> <yuri.weinstein@gmail.com>
Yuri Weinstein <yuriw@redhat.com> <yuriw@magna002.ceph.redhat.com>
Yuri Weinstein <yuriw@redhat.com> <yweins@redhat.com>
Yuri Weinstein <yuriw@redhat.com> <yuri.weinstein@redhat.com>
Xianxia Xiao <xianxia.xiao@kylin-cloud.com>
Zack Cerza <zack@redhat.com> <zack.cerza@inktank.com>
Zack Cerza <zack@redhat.com> <zack@cerza.org>
Zengran Zhang <zhangzengran@h3c.com>
Zeqiang Zhuang <zhuang.zeqiang@h3c.com>
Zhang Lei <zhanglei@trendytech.com.cn>
Zhang Lei <zhanglei@trendytech.com.cn> <243290414@qq.com>
Zhang Shaowen <zhang_shaowen@139.com>
Zhang Zezhu <zhang.zezhu@zte.com.cn>
Guo Zhandong <guozhandong@cmss.chinamobile.com>
Guo Zhandong <guozhandong@cmss.chinamobile.com> <18896723979@139.com>
Guo Zhandong <guozhandong@cmss.chinamobile.com> <idealguo@139.com>
Zhao Chao <zhaochao1984@gmail.com>
Zhao Kun <jswps2011@163.com>
Zhou Rui Song <236131368@qq.com>
Zhou Rui Song <236131368@qq.com> <root@korea-fg-ceph-57-117.120.120.117>
Zhenyu Leng <lengzhenyu@ict.ac.cn>
Zhi (David) Zhang <zhangz@yahoo-inc.com>
Zhi (David) Zhang <zhangz@yahoo-inc.com> <david.z1003@yahoo.com>
Zhiqiang Wang <zhiqiang.wang@intel.com>
Zhiqiang Wang <zhiqiang.wang@intel.com> <wonzhq@hotmail.com>
Zhi Zhang <willzzhang@tencent.com>
Zhi Zhang <willzzhang@tencent.com> <zhangz.david@outlook.com>
Zhi Zhang <willzzhang@tencent.com> <zhangzhi@localhost.localdomain>
Zhu Shangzhong <zhu.shangzhong@zte.com.cn>
Zhuang Xiaochun <zhuangxc89@163.com>
